date,temperature_2m_max,temperature_2m_min,precipitation_sum,windspeed_10m_max,et0_fao_evapotranspiration
2024-06-01,30.5,25.5,1.6,14.2,4.24
2024-06-02,27.6,25.0,12.5,14.1,1.57
2024-06-03,29.5,24.6,0.4,15.9,3.18
2024-06-04,29.3,26.1,3.3,19.1,3.71
2024-06-05,30.0,25.0,1.6,14.8,4.31
2024-06-06,29.2,25.0,17.7,19.2,3.26
2024-06-07,29.0,25.0,6.5,10.2,2.49
2024-06-08,29.5,25.0,16.0,14.1,2.93
2024-06-09,29.1,26.0,14.6,18.2,2.73
2024-06-10,29.9,25.6,3.2,16.3,4.11
2024-06-11,28.2,25.1,9.5,14.1,2.43
2024-06-12,29.4,23.3,2.8,14.7,4.1
2024-06-13,30.1,25.5,0.5,17.1,4.33
2024-06-14,27.5,25.2,8.6,14.7,2.36
2024-06-15,28.0,24.4,19.8,17.1,2.7
2024-06-16,27.2,24.8,3.3,7.8,1.65
2024-06-17,28.8,24.5,1.7,14.8,3.51
2024-06-18,29.4,24.5,1.4,9.8,2.99
2024-06-19,30.2,25.4,1.6,18.7,4.42
2024-06-20,28.2,25.2,5.2,14.7,3.52
2024-06-21,29.2,24.5,17.4,14.2,2.43
2024-06-22,29.2,23.6,1.1,16.3,4.1
2024-06-23,29.2,25.1,1.2,15.3,3.72
2024-06-24,29.6,25.7,10.7,12.5,3.29
2024-06-25,27.3,23.7,31.3,15.0,2.05
2024-06-26,29.2,24.0,6.2,15.3,3.46
2024-06-27,29.4,24.3,2.0,13.0,3.95
2024-06-28,29.0,25.5,9.6,17.6,3.64
2024-06-29,27.5,25.1,8.1,14.6,2.24
2024-06-30,29.0,24.4,2.3,16.9,3.74
2024-07-01,29.6,24.4,5.0,14.8,3.89
2024-07-02,28.1,24.4,14.5,19.4,2.87
2024-07-03,26.0,24.4,37.5,16.8,1.2
2024-07-04,27.2,23.9,21.9,14.0,1.79
2024-07-05,30.0,23.9,5.5,12.5,3.11
2024-07-06,27.6,24.2,22.3,12.6,2.12
2024-07-07,28.8,24.0,6.2,19.9,3.64
2024-07-08,27.9,23.9,14.0,14.1,2.25
2024-07-09,27.7,23.9,1.4,18.2,2.86
2024-07-10,28.1,24.4,9.9,17.8,3.23
2024-07-11,27.4,24.5,4.8,20.0,2.39
2024-07-12,27.5,24.1,5.7,18.9,2.5
2024-07-13,28.4,24.8,2.7,20.6,3.7
2024-07-14,28.1,24.8,5.5,17.3,3.74
2024-07-15,28.5,24.5,0.4,21.5,3.42
2024-07-16,27.6,24.7,0.9,20.8,2.42
2024-07-17,28.0,24.9,0.5,20.5,3.47
2024-07-18,28.2,24.5,0.8,24.3,4.23
2024-07-19,27.8,24.2,1.8,22.6,3.28
2024-07-20,27.7,24.5,2.6,25.7,3.41
2024-07-21,27.6,24.3,1.2,23.4,3.96
2024-07-22,28.0,23.7,0.7,19.6,3.58
2024-07-23,27.8,24.1,0.3,19.0,3.83
2024-07-24,27.6,24.4,0.2,19.1,3.95
2024-07-25,28.2,24.0,0.1,21.4,4.07
2024-07-26,28.1,24.3,0.9,22.9,3.96
2024-07-27,27.7,24.4,0.2,20.6,3.72
2024-07-28,27.6,24.2,1.1,26.4,3.78
2024-07-29,28.2,24.5,0.2,21.9,3.67
2024-07-30,28.2,24.0,1.6,24.4,3.81
2024-07-31,27.2,24.2,0.8,23.0,3.29
2024-08-01,27.4,24.1,1.0,22.2,3.49
2024-08-02,28.0,24.0,2.8,20.7,3.87
2024-08-03,27.6,23.3,1.2,20.4,4.13
2024-08-04,27.5,23.8,0.8,20.4,3.85
2024-08-05,27.4,23.5,0.8,19.2,3.71
2024-08-06,27.6,24.1,0.8,23.2,4.06
2024-08-07,27.9,24.1,0.6,25.2,3.61
2024-08-08,27.3,23.9,1.3,20.9,3.1
2024-08-09,28.5,23.6,0.3,18.2,4.02
2024-08-10,28.7,24.0,0.1,22.2,4.25
2024-08-11,28.5,24.4,0.6,20.7,4.25
2024-08-12,27.5,24.4,1.4,21.6,3.41
2024-08-13,27.8,24.8,0.6,23.0,3.46
2024-08-14,28.2,24.3,1.8,21.2,4.12
2024-08-15,28.1,24.2,0.3,21.4,3.51
2024-08-16,27.5,24.4,1.1,25.7,3.25
2024-08-17,28.2,24.4,0.8,24.3,4.49
2024-08-18,28.9,24.1,0.4,16.4,4.11
2024-08-19,27.5,24.1,6.5,18.6,2.02
2024-08-20,26.4,23.4,13.6,20.5,1.87
2024-08-21,28.1,24.0,1.3,20.1,4.05
2024-08-22,28.8,24.0,0.5,20.5,3.84
2024-08-23,26.6,24.2,20.1,28.4,2.22
2024-08-24,26.5,23.5,11.3,16.2,2.23
2024-08-25,28.3,23.6,5.3,19.1,2.94
2024-08-26,27.3,24.0,10.8,23.0,2.67
2024-08-27,28.1,24.7,0.7,27.6,3.96
2024-08-28,28.1,24.0,1.5,18.2,3.78
2024-08-29,27.6,23.7,1.9,17.4,2.99
2024-08-30,27.6,24.4,3.6,25.2,3.34
2024-08-31,27.8,24.4,0.6,23.3,4.04
2024-09-01,28.0,24.1,1.0,20.1,4.28
2024-09-02,28.4,23.7,0.1,19.4,4.42
2024-09-03,28.0,24.0,0.0,20.9,4.1
2024-09-04,28.8,23.8,0.0,17.6,4.42
2024-09-05,29.1,24.0,0.1,20.9,4.53
2024-09-06,29.0,24.0,0.0,21.5,4.02
2024-09-07,27.5,24.4,8.6,18.8,2.83
2024-09-08,28.5,23.5,0.4,17.4,4.43
2024-09-09,29.1,23.9,0.6,19.9,4.35
2024-09-10,29.3,24.7,10.8,19.6,3.38
2024-09-11,28.4,24.6,7.4,19.9,3.78
2024-09-12,27.7,24.6,12.3,17.1,3.36
2024-09-13,28.8,23.9,13.5,17.9,3.14
2024-09-14,27.5,23.8,12.2,18.2,3.33
2024-09-15,28.8,24.0,4.0,16.1,3.74
2024-09-16,28.9,24.0,0.9,19.2,4.07
2024-09-17,27.4,24.0,18.0,16.1,1.96
2024-09-18,28.1,24.4,12.5,17.9,2.64
2024-09-19,28.3,24.2,1.7,21.2,3.87
2024-09-20,28.6,24.7,1.8,15.5,3.2
2024-09-21,28.8,23.9,2.3,14.8,2.97
2024-09-22,28.1,24.6,4.4,20.0,3.38
2024-09-23,28.7,24.5,1.7,20.0,4.01
2024-09-24,28.9,24.5,7.4,16.8,3.23
2024-09-25,27.8,23.9,19.8,16.1,2.34
2024-09-26,28.8,23.4,2.4,15.9,4.05
2024-09-27,28.4,24.5,7.2,20.0,3.21
2024-09-28,28.1,24.0,9.9,17.5,3.31
2024-09-29,28.3,24.5,10.5,15.3,3.3
2024-09-30,28.4,24.1,21.3,18.5,3.3
2024-10-01,29.0,24.2,0.6,18.1,3.7
2024-10-02,29.9,25.0,3.0,18.2,4.24
2024-10-03,27.1,23.9,16.0,14.5,1.91
2024-10-04,28.4,24.3,7.0,23.2,2.88
2024-10-05,27.6,24.0,9.8,15.9,1.98
2024-10-06,27.5,23.8,7.9,12.2,2.64
2024-10-07,28.3,23.6,5.0,13.1,2.65
2024-10-08,29.6,23.6,0.6,12.3,3.33
2024-10-09,28.5,24.5,2.9,17.1,3.1
2024-10-10,29.0,23.9,0.3,15.3,3.86
2024-10-11,29.6,24.5,1.0,19.2,4.17
2024-10-12,28.6,23.6,10.3,16.1,2.86
2024-10-13,26.5,24.2,11.2,14.3,1.69
2024-10-14,28.0,24.3,12.1,15.1,3.05
2024-10-15,29.5,23.7,1.3,13.9,3.83
2024-10-16,28.4,24.5,7.4,12.6,3.02
2024-10-17,26.0,23.8,27.9,14.0,1.2
2024-10-18,29.2,22.9,4.0,13.3,3.87
2024-10-19,29.3,23.5,6.3,13.1,3.39
2024-10-20,29.1,24.2,3.3,15.6,3.78
2024-10-21,28.9,24.2,4.0,13.0,3.63
2024-10-22,28.4,24.1,6.2,10.0,3.11
2024-10-23,29.6,23.6,1.2,13.4,3.93
2024-10-24,29.9,25.0,0.7,17.9,4.05
2024-10-25,29.9,25.5,25.0,17.0,2.66
2024-10-26,29.6,24.7,2.3,12.4,3.74
2024-10-27,29.9,24.0,0.5,14.3,4.34
2024-10-28,29.1,25.6,3.5,14.2,3.66
2024-10-29,29.1,24.9,5.1,12.9,3.56
2024-10-30,29.6,24.5,3.9,14.7,3.82
2024-10-31,29.6,25.0,0.4,13.3,4.16
2024-11-01,30.0,25.2,1.3,12.7,3.84
2024-11-02,29.2,25.6,2.7,19.5,3.85
2024-11-03,28.9,24.9,5.8,17.4,3.19
2024-11-04,31.1,23.9,1.8,14.2,4.53
2024-11-05,31.8,24.1,0.0,14.3,4.6
2024-11-06,30.0,24.1,1.7,13.0,4.11
2024-11-07,31.0,24.7,0.0,15.7,3.59
2024-11-08,30.9,25.3,0.0,17.2,4.53
2024-11-09,30.0,25.1,0.9,16.3,3.71
2024-11-10,29.7,24.7,3.6,16.3,3.43
2024-11-11,30.0,24.5,0.8,10.8,3.97
2024-11-12,30.9,24.1,0.3,13.0,4.33
2024-11-13,32.0,25.4,0.0,13.4,4.24
2024-11-14,31.0,25.0,11.1,14.6,3.85
2024-11-15,31.2,25.8,0.4,9.7,4.06
2024-11-16,30.8,25.7,1.4,12.7,3.9
2024-11-17,30.2,25.2,2.2,9.5,3.82
2024-11-18,31.2,24.9,1.1,11.3,4.13
2024-11-19,32.2,25.0,0.0,9.5,4.29
2024-11-20,33.5,25.4,0.0,13.8,4.46
2024-11-21,32.0,25.2,0.0,13.7,4.29
2024-11-22,30.4,25.3,7.2,12.9,3.81
2024-11-23,31.1,25.9,1.9,11.1,3.71
2024-11-24,32.7,25.1,0.0,11.4,4.17
2024-11-25,33.0,25.1,0.0,15.1,4.1
2024-11-26,31.3,25.6,3.1,12.1,3.84
2024-11-27,31.0,25.8,0.8,14.5,3.69
2024-11-28,32.4,25.1,0.0,12.2,4.16
2024-11-29,33.0,24.4,0.0,8.6,4.56
2024-11-30,34.2,23.2,0.0,11.5,4.74
2024-12-01,34.1,23.8,0.0,12.3,4.86
2024-12-02,33.7,23.5,0.0,12.3,4.55
2024-12-03,33.7,24.7,0.0,12.3,4.13
2024-12-04,32.2,25.5,1.6,17.0,3.75
2024-12-05,31.2,25.3,4.3,11.2,3.69
2024-12-06,31.0,25.2,0.7,11.6,3.86
2024-12-07,32.8,24.4,0.0,11.9,4.3
2024-12-08,33.7,24.9,0.0,10.7,4.6
2024-12-09,32.8,24.5,0.0,10.1,4.01
2024-12-10,33.8,23.6,0.0,14.5,4.44
2024-12-11,33.0,25.4,0.0,14.4,3.82
2024-12-12,32.1,25.7,0.8,12.0,4.01
2024-12-13,31.6,25.1,2.0,12.3,3.84
2024-12-14,32.4,24.5,0.0,13.0,4.17
2024-12-15,33.3,24.6,0.0,12.3,4.05
2024-12-16,33.5,25.0,0.0,12.2,4.28
2024-12-17,34.0,25.2,0.0,13.1,4.39
2024-12-18,33.5,24.1,0.0,12.3,4.43
2024-12-19,33.8,24.5,0.0,12.1,5.04
2024-12-20,34.0,23.8,0.0,11.6,5.22
2024-12-21,33.7,23.2,0.0,10.7,4.48
2024-12-22,33.5,22.5,0.0,8.7,4.88
2024-12-23,33.5,22.5,0.0,13.0,4.44
2024-12-24,32.7,23.9,0.0,11.9,4.03
2024-12-25,34.0,24.4,0.0,14.3,4.2
2024-12-26,34.3,25.1,0.0,14.4,4.23
2024-12-27,33.4,24.8,0.0,13.3,4.03
2024-12-28,33.8,24.7,0.0,13.5,3.8
2024-12-29,33.8,24.6,0.0,13.4,4.16
2024-12-30,33.7,25.2,0.0,12.8,4.18
2024-12-31,32.8,25.5,0.0,13.5,3.96
2025-01-01,33.0,25.5,0.0,13.6,3.99
2025-01-02,32.8,25.2,0.0,13.8,4.11
2025-01-03,32.5,25.9,0.2,13.6,3.95
2025-01-04,32.7,26.3,1.4,12.9,3.81
2025-01-05,32.9,26.2,0.3,15.5,3.88
2025-01-06,32.7,26.2,1.6,13.5,3.71
2025-01-07,32.2,26.4,0.5,12.3,3.62
2025-01-08,32.5,25.9,1.1,12.3,3.82
2025-01-09,32.7,25.8,0.1,13.1,3.99
2025-01-10,34.1,25.3,0.2,12.8,4.07
2025-01-11,33.5,24.4,0.0,10.8,5.09
2025-01-12,34.4,22.4,0.0,11.7,4.64
2025-01-13,32.7,23.4,0.0,14.6,4.32
2025-01-14,32.3,24.5,0.0,12.5,4.11
2025-01-15,33.2,25.4,0.0,13.1,4.03
2025-01-16,34.1,25.8,0.0,12.4,3.99
2025-01-17,34.8,26.8,0.0,16.8,4.14
2025-01-18,30.0,26.8,1.0,21.4,3.14
2025-01-19,30.8,26.6,0.2,16.7,3.96
2025-01-20,31.5,24.5,1.0,13.7,4.06
2025-01-21,32.2,25.5,0.0,13.5,3.94
2025-01-22,32.7,26.5,0.6,15.0,3.79
2025-01-23,30.3,25.0,3.8,14.4,3.63
2025-01-24,32.1,25.5,0.9,11.3,3.85
2025-01-25,31.8,25.9,1.2,12.6,3.88
2025-01-26,30.3,26.0,1.4,12.9,3.31
2025-01-27,31.5,24.9,2.0,15.3,3.8
2025-01-28,32.3,25.5,0.9,13.5,3.92
2025-01-29,30.5,25.6,1.7,10.9,3.56
2025-01-30,31.5,25.4,0.8,11.0,3.82
2025-01-31,32.1,25.7,2.9,12.2,3.88
2025-02-01,31.9,26.0,0.2,13.8,3.97
2025-02-02,31.6,25.8,2.5,10.8,4.08
2025-02-03,32.5,25.8,0.2,11.5,4.2
2025-02-04,33.8,26.8,0.0,15.5,4.16
2025-02-05,32.0,26.7,0.7,14.5,4.07
2025-02-06,32.1,26.6,1.0,14.3,4.31
2025-02-07,32.7,27.2,1.1,14.4,4.21
2025-02-08,30.2,26.7,4.4,12.2,2.92
2025-02-09,31.6,25.8,0.5,12.5,4.07
2025-02-10,32.2,26.8,2.8,13.4,3.93
2025-02-11,32.5,26.9,1.4,14.5,3.69
2025-02-12,31.0,26.1,1.8,11.6,3.69
2025-02-13,32.3,26.4,3.9,12.1,3.98
2025-02-14,32.2,26.1,0.8,13.4,4.01
2025-02-15,32.0,26.4,1.4,12.3,4.21
2025-02-16,33.5,26.5,0.3,14.6,4.15
2025-02-17,33.5,26.6,0.4,13.6,4.25
2025-02-18,32.2,27.1,0.0,12.9,4.06
2025-02-19,31.5,27.0,2.3,14.4,4.28
2025-02-20,32.4,27.0,0.9,12.2,4.36
2025-02-21,32.0,27.1,2.0,15.9,4.2
2025-02-22,32.0,26.4,12.7,14.1,4.12
2025-02-23,31.0,25.1,0.8,11.1,2.71
2025-02-24,31.9,26.1,0.1,14.5,4.25
2025-02-25,31.9,26.8,5.5,13.8,4.2
2025-02-26,31.6,26.4,1.4,14.8,4.1
2025-02-27,32.4,26.1,0.7,13.1,4.36
2025-02-28,31.8,26.0,1.5,13.7,4.13
2025-03-01,31.6,26.5,1.0,12.5,4.2
2025-03-02,32.3,26.9,0.4,14.1,4.33
2025-03-03,32.2,27.2,4.4,16.4,4.2
2025-03-04,32.0,26.4,2.8,19.8,4.26
2025-03-05,30.6,27.0,7.6,15.4,4.12
2025-03-06,32.0,26.4,3.4,17.2,4.41
2025-03-07,32.7,26.6,0.5,13.5,4.39
2025-03-08,32.2,27.4,0.3,14.7,4.33
2025-03-09,31.2,27.5,1.9,15.7,3.93
2025-03-10,32.7,27.5,0.8,15.6,4.74
2025-03-11,31.2,27.2,2.8,16.2,3.97
2025-03-12,31.8,27.0,0.3,14.3,4.24
2025-03-13,32.2,26.5,0.5,17.4,4.57
2025-03-14,31.9,27.4,0.7,14.6,4.71
2025-03-15,32.0,27.5,2.2,14.1,4.14
2025-03-16,31.6,27.4,4.3,16.3,4.17
2025-03-17,32.2,25.7,3.2,16.4,4.44
2025-03-18,31.2,26.5,2.1,15.8,3.73
2025-03-19,30.5,26.7,2.7,14.4,4.24
2025-03-20,30.9,27.0,0.2,14.1,3.11
2025-03-21,31.9,27.6,1.3,15.5,4.24
2025-03-22,31.5,26.0,3.3,11.8,4.14
2025-03-23,31.5,26.5,2.4,14.8,3.58
2025-03-24,31.5,26.8,5.9,12.3,4.39
2025-03-25,31.9,27.0,2.8,14.5,4.1
2025-03-26,29.0,25.9,7.4,16.7,2.94
2025-03-27,31.5,25.4,0.8,13.9,4.48
2025-03-28,31.2,27.1,1.9,13.1,4.44
2025-03-29,31.8,27.5,0.3,17.0,4.59
2025-03-30,31.8,26.6,18.6,18.7,3.69
2025-03-31,31.4,25.5,9.6,17.2,4.12
2025-04-01,31.2,27.3,6.0,16.6,4.23
2025-04-02,30.6,24.6,18.9,15.2,3.53
2025-04-03,31.4,25.3,4.8,12.6,4.03
2025-04-04,31.6,26.9,0.1,13.0,4.61
2025-04-05,32.2,27.6,0.4,16.0,4.86
2025-04-06,32.0,27.0,3.0,16.2,4.57
2025-04-07,31.1,27.2,0.7,16.0,4.31
2025-04-08,31.9,26.9,1.2,17.2,4.61
2025-04-09,30.9,24.5,25.7,13.9,2.7
2025-04-10,31.2,26.6,5.7,13.8,3.77
2025-04-11,30.2,25.1,25.4,11.0,3.42
2025-04-12,31.2,25.0,0.0,11.1,4.5
2025-04-13,31.8,27.4,5.0,14.6,4.6
2025-04-14,31.8,27.5,13.4,15.3,4.05
2025-04-15,30.8,25.1,4.1,17.3,4.25
2025-04-16,30.9,25.5,5.7,17.8,4.54
2025-04-17,31.8,26.0,3.5,12.5,4.04
2025-04-18,32.0,26.4,0.2,14.7,4.56
2025-04-19,31.3,27.6,3.6,15.2,4.24
2025-04-20,31.5,26.9,8.1,13.0,4.35
2025-04-21,32.1,26.8,2.6,14.2,4.58
2025-04-22,32.0,25.5,14.7,17.6,4.7
2025-04-23,30.8,24.6,6.8,14.3,4.02
2025-04-24,32.2,26.4,0.0,12.9,4.76
2025-04-25,32.0,27.1,0.1,16.1,4.84
2025-04-26,30.5,26.6,6.9,13.1,3.47
2025-04-27,30.1,24.4,1.0,13.9,2.62
2025-04-28,31.9,26.3,1.7,11.1,4.25
2025-04-29,30.3,26.1,4.4,15.2,2.74
2025-04-30,31.8,24.9,0.0,12.3,4.29
2025-05-01,30.6,24.9,3.5,10.1,3.12
2025-05-02,30.1,24.8,21.2,8.1,3.16
2025-05-03,31.3,24.6,0.0,10.0,4.53
2025-05-04,31.1,26.9,5.2,11.9,4.18
2025-05-05,31.1,27.0,3.7,13.3,4.43
2025-05-06,31.5,25.5,1.0,13.2,4.6
2025-05-07,31.9,26.9,7.3,10.2,4.8
2025-05-08,31.9,25.8,11.5,13.9,4.09
2025-05-09,29.7,26.9,14.9,14.8,3.87
2025-05-10,31.3,26.7,0.9,14.2,4.7
2025-05-11,32.0,26.5,0.3,12.4,4.76
2025-05-12,31.7,27.0,1.1,13.8,4.74
2025-05-13,30.6,26.0,8.1,15.4,3.83
2025-05-14,31.6,25.8,0.1,13.9,4.93
2025-05-15,31.9,27.0,1.7,12.3,4.24
2025-05-16,31.9,26.6,10.8,12.1,4.52
2025-05-17,30.3,25.9,26.8,11.3,2.98
2025-05-18,29.5,25.2,6.5,10.4,2.13
2025-05-19,31.9,24.9,0.0,13.3,4.83
2025-05-20,30.4,25.5,7.7,15.9,3.31
2025-05-21,30.2,24.5,2.4,14.6,3.86
2025-05-22,30.7,25.2,7.2,8.9,4.15
2025-05-23,29.8,25.4,10.6,15.6,3.87
2025-05-24,29.9,25.5,13.4,16.1,2.99
2025-05-25,31.5,25.0,0.0,10.6,4.44
2025-05-26,31.5,26.8,0.0,16.5,4.52
2025-05-27,30.0,25.7,1.0,13.8,3.8
2025-05-28,30.0,24.6,4.9,14.1,3.88
2025-05-29,28.2,24.8,17.9,11.5,2.18
2025-05-30,31.2,24.8,5.7,8.9,3.81
2025-05-31,31.0,26.2,0.0,13.5,4.7
2025-06-01,31.2,26.8,0.8,17.3,4.23
2025-06-02,30.2,26.0,3.4,14.9,3.79
2025-06-03,30.0,24.2,21.5,15.6,4.18
2025-06-04,29.6,24.1,21.8,9.9,3.05
2025-06-05,30.9,25.2,5.9,11.8,4.24
2025-06-06,29.8,25.1,3.4,12.1,3.74
2025-06-07,28.6,24.4,10.8,9.9,2.6
2025-06-08,30.5,25.2,7.7,14.1,4.03
2025-06-09,29.6,25.5,17.8,10.9,3.04
2025-06-10,29.6,24.6,1.4,11.0,4.07
2025-06-11,30.0,25.5,8.8,12.6,3.47
2025-06-12,30.6,24.6,4.2,14.0,3.79
2025-06-13,29.6,25.0,1.8,13.8,3.31
2025-06-14,27.5,24.4,62.1,12.8,1.72
2025-06-15,30.4,24.1,21.8,11.0,3.36
2025-06-16,29.7,24.6,3.2,13.0,3.44
2025-06-17,29.4,25.2,2.4,12.7,3.12
2025-06-18,29.1,24.3,19.1,12.2,3.41
2025-06-19,28.9,23.8,24.4,12.1,2.92
2025-06-20,29.5,24.0,15.9,14.0,3.35
2025-06-21,28.6,24.9,3.4,10.9,2.43
2025-06-22,28.0,24.5,14.6,11.7,3.15
2025-06-23,29.2,24.5,6.1,9.8,3.49
2025-06-24,28.5,24.4,8.5,11.8,3.32
2025-06-25,30.2,24.5,3.3,12.6,4.11
2025-06-26,29.1,25.0,9.0,11.7,2.53
2025-06-27,28.8,24.0,3.4,12.5,2.89
2025-06-28,28.9,24.0,2.8,15.2,4.22
2025-06-29,28.5,25.1,12.0,15.2,3.46
2025-06-30,28.1,24.0,13.5,14.2,2.96
2025-07-01,29.4,23.9,9.5,15.0,3.86
2025-07-02,29.8,24.5,3.0,12.6,3.92
2025-07-03,28.5,24.0,14.0,17.1,2.71
2025-07-04,26.6,23.9,10.2,14.9,2.48
2025-07-05,28.4,23.1,5.6,16.0,3.23
2025-07-06,28.0,24.2,11.2,14.5,3.51
2025-07-07,27.1,24.5,16.0,15.8,2.74
2025-07-08,28.4,24.0,8.8,18.0,2.53
2025-07-09,28.4,23.8,4.7,16.3,2.98
2025-07-10,28.6,24.0,1.1,13.9,3.21
2025-07-11,28.0,23.8,2.4,17.1,3.65
2025-07-12,27.1,24.0,1.6,22.7,3.52
2025-07-13,28.2,23.6,0.8,15.9,4.5
2025-07-14,29.5,22.5,0.0,11.5,4.3
2025-07-15,28.7,23.5,0.1,13.8,4.42
2025-07-16,27.3,24.4,1.8,17.6,2.57
2025-07-17,27.7,24.1,2.8,18.1,3.84
2025-07-18,28.5,23.8,0.2,14.0,4.23
2025-07-19,28.6,23.6,0.3,14.3,4.01
2025-07-20,27.6,24.1,1.0,18.8,3.17
2025-07-21,28.2,24.3,0.7,22.3,3.99
2025-07-22,27.9,24.1,1.7,18.3,3.62
2025-07-23,27.7,24.1,3.3,19.2,3.91
2025-07-24,28.1,23.9,0.7,18.8,4.2
2025-07-25,28.0,23.7,0.3,16.1,3.26
2025-07-26,28.2,23.9,0.2,17.7,4.08
2025-07-27,27.3,24.0,1.3,17.6,3.44
2025-07-28,27.6,23.9,0.0,15.3,2.91
2025-07-29,27.2,23.7,0.2,15.8,2.78
2025-07-30,27.6,24.1,0.2,15.2,3.02
2025-07-31,27.8,24.1,2.7,19.2,2.49
2025-08-01,29.3,23.7,3.7,14.4,3.94
2025-08-02,29.0,23.8,1.8,13.4,2.94
2025-08-03,28.0,24.3,11.2,16.9,3.07
2025-08-04,26.0,23.6,33.1,19.9,1.47
2025-08-05,27.4,23.5,3.1,15.1,3.08
2025-08-06,26.9,23.9,4.3,15.8,2.57
2025-08-07,27.9,23.6,1.5,18.9,3.48
2025-08-08,27.6,23.8,2.7,19.2,3.71
2025-08-09,27.5,23.7,3.4,12.2,2.21
2025-08-10,28.2,23.5,0.7,15.1,3.95
2025-08-11,27.5,23.8,0.2,14.1,2.79
2025-08-12,27.0,23.9,0.7,14.7,3.03
2025-08-13,26.9,23.5,1.4,14.8,3.16
2025-08-14,27.6,23.2,0.7,16.2,3.72
2025-08-15,27.8,23.3,1.6,15.7,3.29
2025-08-16,27.1,24.0,3.1,18.9,3.56
2025-08-17,27.2,23.5,1.7,19.1,4.1
2025-08-18,27.5,23.7,1.3,15.9,3.79
2025-08-19,27.2,23.0,0.9,15.3,3.48
2025-08-20,28.0,24.0,0.6,14.4,3.92
2025-08-21,26.7,24.0,5.4,15.6,2.62
2025-08-22,28.4,23.9,3.5,17.8,4.03
2025-08-23,27.8,23.8,1.2,18.8,4.12
2025-08-24,28.0,24.2,0.6,18.4,3.74
2025-08-25,28.3,24.0,0.2,16.7,3.64
2025-08-26,27.4,23.7,0.3,20.4,3.28
2025-08-27,27.4,23.5,1.2,17.1,4.1
2025-08-28,28.0,22.7,0.9,14.0,3.75
2025-08-29,28.1,23.8,0.6,16.9,4.01
2025-08-30,27.5,23.8,13.6,18.0,3.46
2025-08-31,28.0,23.4,0.8,17.5,4.28
2025-09-01,28.3,23.2,0.2,14.1,4.24
2025-09-02,28.4,23.7,0.2,17.6,3.85
2025-09-03,27.9,24.0,1.5,19.0,4.16
2025-09-04,28.5,23.5,0.5,15.3,4.3
2025-09-05,28.6,23.3,1.0,12.9,4.35
2025-09-06,29.2,23.7,0.9,12.7,4.19
2025-09-07,29.1,24.5,0.5,15.0,4.05
2025-09-08,28.8,24.5,8.4,14.0,3.0
2025-09-09,27.6,23.8,9.3,13.8,2.51
2025-09-10,28.9,24.0,1.9,13.8,3.89
2025-09-11,29.1,24.5,3.4,13.8,3.94
2025-09-12,26.4,24.5,8.9,16.6,2.31
2025-09-13,27.9,23.9,9.2,15.5,3.44
2025-09-14,28.4,23.5,7.4,12.8,3.49
2025-09-15,27.9,24.0,24.1,13.7,2.92
2025-09-16,26.9,23.2,40.0,11.5,1.38
2025-09-17,28.2,24.0,10.7,12.0,3.21
2025-09-18,27.6,23.7,4.5,11.7,3.04
2025-09-19,29.1,24.0,2.2,14.5,4.28
2025-09-20,29.5,23.5,1.0,14.5,3.87
2025-09-21,28.6,24.0,3.4,14.6,3.24
2025-09-22,28.5,24.7,6.4,12.6,2.65
2025-09-23,30.0,24.5,11.2,10.1,3.07
2025-09-24,26.6,23.5,19.6,11.1,1.61
2025-09-25,28.2,24.0,8.4,12.6,3.2
2025-09-26,28.8,23.9,1.5,15.0,4.1
2025-09-27,28.9,24.5,1.4,13.6,4.09
2025-09-28,29.0,24.6,17.5,13.9,3.06
2025-09-29,27.9,23.6,12.7,11.8,2.17
2025-09-30,29.5,23.6,7.0,11.3,3.15
2025-10-01,27.4,23.2,6.6,9.6,1.89
2025-10-02,29.4,23.6,3.6,11.4,3.82
2025-10-03,28.8,24.4,2.6,11.5,3.64
2025-10-04,29.6,25.1,1.6,15.7,4.2
2025-10-05,27.4,23.6,20.4,12.4,1.79
2025-10-06,29.0,23.2,10.2,11.0,3.32
2025-10-07,27.4,23.3,18.1,10.6,2.01
2025-10-08,28.0,23.3,4.0,14.4,3.36
2025-10-09,29.7,23.5,0.8,11.7,4.22
2025-10-10,29.5,24.5,17.4,12.2,3.12
2025-10-11,29.2,24.4,3.0,11.0,2.68
2025-10-12,29.5,24.0,1.4,10.5,3.52
2025-10-13,29.8,24.5,12.3,11.2,3.97
2025-10-14,28.8,24.3,1.7,9.8,3.02
2025-10-15,29.6,24.4,2.8,10.7,3.8
2025-10-16,29.9,23.6,13.0,10.8,3.9
2025-10-17,30.0,24.5,1.9,8.9,4.29
2025-10-18,30.0,24.9,9.7,9.7,3.97
2025-10-19,30.0,25.0,4.2,13.7,4.21
2025-10-20,29.9,25.6,0.6,14.6,4.24
2025-10-21,31.3,24.6,0.1,12.6,4.55
2025-10-22,30.1,25.2,2.6,12.5,4.07
2025-10-23,29.1,24.4,2.2,12.4,3.24
2025-10-24,29.7,24.5,6.0,10.7,3.73
2025-10-25,29.8,24.5,0.4,11.4,3.77
2025-10-26,30.8,25.4,3.9,9.3,3.84
2025-10-27,30.0,26.0,2.9,15.6,4.13
2025-10-28,30.2,25.9,15.1,13.7,3.94
2025-10-29,30.5,25.2,0.2,7.7,3.39
2025-10-30,30.1,25.9,3.4,9.1,3.02
2025-10-31,29.4,25.9,19.3,9.7,3.1
2025-11-01,29.9,24.9,3.8,11.0,3.91
2025-11-02,30.0,24.6,2.1,11.5,4.12
2025-11-03,29.1,25.2,4.7,9.9,3.18
2025-11-04,30.8,24.7,3.4,10.7,4.12
2025-11-05,29.5,24.6,8.9,11.9,3.55
2025-11-06,30.0,25.0,5.5,12.4,3.96
2025-11-07,30.4,24.6,6.7,11.3,3.32
2025-11-08,30.5,24.6,0.6,11.0,4.19
2025-11-09,29.5,25.6,0.9,12.3,3.9
2025-11-10,30.9,24.6,0.4,10.8,4.24
2025-11-11,30.5,25.6,3.0,11.7,3.96
2025-11-12,30.5,25.5,1.1,13.5,3.94
2025-11-13,30.4,23.2,2.4,10.9,3.72
2025-11-14,31.3,24.8,0.2,11.4,3.61
2025-11-15,31.2,25.1,0.1,12.8,3.81
2025-11-16,30.0,23.8,1.2,10.9,3.97
2025-11-17,29.6,24.1,1.4,15.9,3.75
2025-11-18,30.9,25.2,1.3,10.2,4.13
2025-11-19,31.8,25.2,1.0,14.2,4.07
2025-11-20,30.9,25.2,0.4,12.7,3.94
2025-11-21,30.8,25.6,1.9,16.2,3.31
2025-11-22,30.7,25.0,3.2,15.7,3.68
2025-11-23,31.0,24.6,1.4,9.9,4.1
2025-11-24,31.4,24.8,0.1,11.4,4.07
2025-11-25,31.6,25.2,0.5,13.0,4.05
2025-11-26,31.4,25.9,2.0,12.7,3.86
2025-11-27,31.3,26.1,2.8,14.9,3.94
2025-11-28,30.9,25.7,3.0,11.3,3.82
2025-11-29,30.7,25.0,1.8,9.8,3.44
2025-11-30,30.5,24.9,3.2,10.7,3.54
2025-12-01,30.1,25.1,1.3,13.4,3.8
2025-12-02,32.1,25.6,1.3,14.0,4.0
2025-12-03,31.2,26.0,7.6,17.0,3.61
2025-12-04,31.8,26.0,0.9,12.2,3.37
2025-12-05,30.8,25.6,1.1,12.6,3.69
2025-12-06,30.9,25.3,1.6,13.5,3.74
2025-12-07,31.1,25.4,4.3,14.7,3.7
2025-12-08,30.4,24.5,2.1,11.1,3.49
2025-12-09,30.4,24.3,1.5,12.3,3.59
2025-12-10,30.2,25.5,0.4,12.7,3.55
2025-12-11,30.1,24.0,14.2,10.2,2.79
2025-12-12,30.4,25.0,1.2,11.7,3.62
2025-12-13,30.5,25.5,4.9,11.2,3.76
2025-12-14,31.5,25.5,3.2,13.6,3.89
2025-12-15,30.0,25.9,2.5,10.8,3.37
2025-12-16,30.1,25.8,1.5,11.3,3.64
2025-12-17,30.1,25.0,1.1,12.2,3.65
2025-12-18,30.8,25.5,0.3,11.6,3.84
2025-12-19,30.8,25.3,2.6,9.4,3.49
2025-12-20,31.2,25.5,0.6,11.5,3.75
2025-12-21,31.6,25.6,1.2,13.6,3.73
2025-12-22,31.4,26.0,1.3,12.3,3.75
2025-12-23,31.2,26.2,1.5,12.6,3.73
2025-12-24,30.4,26.3,0.5,12.9,3.73
2025-12-25,30.9,25.5,2.6,12.9,3.73
2025-12-26,31.5,26.0,0.8,13.4,3.72
2025-12-27,29.9,24.4,4.6,14.1,2.92
2025-12-28,31.5,26.0,0.9,14.3,3.37
2025-12-29,30.8,26.4,2.8,13.4,3.58
2025-12-30,31.8,25.7,1.2,12.1,3.84
2025-12-31,31.6,26.1,0.2,12.4,3.63
2026-01-01,31.5,26.5,3.2,14.9,3.6
2026-01-02,31.3,25.4,1.7,18.5,3.54
2026-01-03,31.3,25.1,0.1,13.1,3.73
2026-01-04,30.9,25.2,0.5,11.4,3.66
2026-01-05,32.7,26.1,0.0,14.3,3.78
2026-01-06,32.2,26.0,0.3,13.8,3.77
2026-01-07,31.8,26.7,0.5,13.6,3.93
2026-01-08,31.8,26.1,3.9,11.9,3.41
2026-01-09,31.0,26.0,0.4,11.1,3.65
2026-01-10,30.9,26.1,2.9,12.4,3.42
2026-01-11,31.2,24.9,2.4,12.4,3.41
2026-01-12,30.0,25.2,3.0,10.1,3.3
2026-01-13,32.3,25.1,0.0,12.2,3.87
2026-01-14,33.2,25.6,0.0,12.9,3.8
2026-01-15,31.0,27.1,1.6,13.9,3.39
2026-01-16,32.3,25.5,0.3,12.5,3.63
2026-01-17,31.2,26.1,1.4,13.4,3.61
2026-01-18,31.3,26.7,4.1,14.2,3.58
2026-01-19,31.2,26.3,3.0,12.2,3.66
2026-01-20,29.6,25.5,1.5,13.8,2.54
2026-01-21,32.7,25.0,0.1,12.5,3.94
2026-01-22,33.5,25.2,1.4,12.1,3.77
2026-01-23,33.3,24.1,0.0,11.7,4.32
2026-01-24,32.3,24.4,0.0,12.0,4.14
2026-01-25,34.1,25.5,0.0,13.4,4.33
2026-01-26,34.0,25.8,0.0,12.8,4.4
2026-01-27,31.8,25.2,0.0,12.8,3.95
2026-01-28,31.5,25.9,2.6,12.3,3.84
2026-01-29,32.5,25.7,3.2,13.5,3.86
2026-01-30,30.6,24.7,6.6,13.5,3.61
2026-01-31,31.9,26.4,2.1,13.9,3.89
2026-02-01,31.8,26.1,1.7,13.0,3.78
2026-02-02,31.9,26.1,6.1,16.6,3.41
2026-02-03,32.0,25.5,0.2,11.8,4.04
2026-02-04,32.1,24.8,0.0,17.8,4.32
2026-02-05,31.9,26.1,0.0,15.2,4.13
2026-02-06,31.9,27.1,1.9,13.9,4.49
2026-02-07,31.5,24.5,2.1,12.8,4.13
2026-02-08,32.5,27.0,1.9,14.5,4.43
2026-02-09,32.5,27.2,1.3,16.3,4.49
2026-02-10,30.5,26.5,3.6,14.3,3.09
2026-02-11,31.0,25.3,0.0,12.2,3.91
2026-02-12,31.5,25.8,1.4,11.0,3.89
2026-02-13,32.0,26.5,1.5,15.4,4.28
2026-02-14,29.5,23.9,20.8,14.0,1.76
2026-02-15,31.5,24.9,0.0,10.5,4.32
2026-02-16,31.6,26.7,0.9,14.7,4.15
2026-02-17,30.6,26.2,3.3,17.0,3.94
2026-02-18,31.2,25.4,0.0,12.5,4.14
2026-02-19,31.5,25.8,0.7,11.7,4.24
2026-02-20,32.0,26.0,1.0,11.6,4.27
2026-02-21,32.9,26.4,0.2,14.2,4.37
2026-02-22,33.2,26.6,0.0,14.9,4.44
2026-02-23,31.6,26.7,2.6,15.5,4.05
2026-02-24,31.0,26.3,3.8,13.0,3.87
2026-02-25,32.7,25.4,0.5,12.2,4.3
2026-02-26,31.0,26.3,2.2,12.6,4.19
2026-02-27,31.9,26.7,3.6,12.9,4.29
2026-02-28,30.9,26.5,0.2,12.6,4.04
2026-03-01,31.0,26.1,0.2,13.0,3.97
2026-03-02,31.9,26.8,2.8,11.8,4.12
2026-03-03,32.8,26.1,2.5,15.2,4.55
2026-03-04,31.0,26.1,5.6,14.7,4.27
2026-03-05,33.3,27.0,1.9,11.6,4.66
2026-03-06,32.7,27.4,1.7,12.6,4.76
2026-03-07,32.5,27.2,0.6,14.3,4.71
2026-03-08,32.7,27.4,4.0,13.9,4.68
2026-03-09,32.4,27.0,0.9,16.1,4.5
2026-03-10,32.4,25.4,2.0,17.7,4.8
2026-03-11,31.9,27.1,1.5,16.7,4.09
2026-03-12,32.3,27.3,0.0,15.0,4.95
2026-03-13,32.7,27.0,1.4,14.7,4.57
2026-03-14,31.3,24.7,2.9,15.6,3.04
2026-03-15,32.7,27.4,0.0,12.9,4.91
2026-03-16,32.1,27.5,0.8,16.3,4.65
2026-03-17,30.5,25.2,2.6,17.2,4.08
2026-03-18,32.8,26.2,0.3,15.1,4.96
2026-03-19,32.2,26.8,0.0,15.1,4.51
2026-03-20,32.3,27.0,0.2,13.3,4.71
2026-03-21,31.6,27.6,3.6,15.8,4.31
2026-03-22,30.8,27.3,5.2,15.6,4.21
2026-03-23,32.0,27.1,4.0,16.4,4.6
2026-03-24,31.0,25.8,4.6,18.0,3.71
2026-03-25,31.9,27.3,0.1,16.6,5.07
2026-03-26,32.5,26.5,0.0,16.2,4.85
2026-03-27,32.7,27.0,0.4,14.8,4.78
2026-03-28,33.6,26.3,7.7,18.6,4.26
2026-03-29,29.9,23.9,1.6,9.4,2.96
2026-03-30,31.5,26.0,0.0,11.4,4.91
2026-03-31,30.6,25.0,1.0,12.2,3.36
2026-04-01,31.0,23.9,0.0,11.2,4.1
2026-04-02,30.6,25.9,6.3,10.1,3.25
2026-04-03,30.3,24.9,1.4,15.4,4.3
2026-04-04,31.6,25.8,0.0,9.6,4.13
2026-04-05,31.9,25.2,4.9,13.4,3.96
2026-04-06,32.3,27.3,1.2,13.9,4.3
2026-04-07,32.4,27.2,0.0,14.7,4.63
2026-04-08,30.3,25.6,2.7,12.9,3.27
2026-04-09,31.5,25.1,2.8,15.1,4.64
2026-04-10,33.2,26.6,0.0,14.5,4.45
2026-04-11,32.7,27.5,0.0,13.6,5.06
2026-04-12,32.8,26.9,0.0,14.4,5.14
2026-04-13,32.5,27.4,10.9,16.7,4.02
2026-04-14,32.0,25.4,3.2,13.3,4.6
2026-04-15,31.5,26.7,6.5,15.4,4.83
2026-04-16,31.5,27.0,0.3,14.8,3.43
2026-04-17,32.0,27.1,0.4,14.0,4.94
2026-04-18,32.7,27.6,0.0,13.9,4.82
2026-04-19,30.5,26.4,7.5,9.8,2.67
2026-04-20,32.8,26.4,1.1,12.0,4.7
2026-04-21,32.2,27.8,2.3,16.4,4.16
2026-04-22,31.8,26.5,1.6,13.8,4.75
2026-04-23,32.2,27.4,0.4,17.5,4.68
2026-04-24,31.4,27.1,1.8,20.6,4.79
2026-04-25,29.4,26.6,6.4,16.5,3.79
2026-04-26,28.6,25.0,26.6,14.3,1.8
2026-04-27,32.0,24.2,0.0,10.4,4.59
2026-04-28,31.8,26.5,8.5,13.3,3.94
2026-04-29,30.9,25.6,2.0,13.3,3.8
2026-04-30,31.3,26.1,6.2,10.4,4.23
2026-05-01,31.6,25.6,0.0,15.0,4.35
2026-05-02,31.5,27.9,2.0,15.6,4.81
2026-05-03,31.0,25.7,4.4,18.2,4.24
2026-05-04,31.1,25.5,6.7,13.5,3.93
2026-05-05,32.4,26.5,1.8,20.2,4.74
2026-05-06,29.6,25.2,7.2,16.8,3.04
2026-05-07,31.3,26.0,0.7,14.1,4.59
2026-05-08,30.8,25.3,10.8,12.7,3.73
2026-05-09,31.3,26.4,11.0,15.9,4.28
2026-05-10,31.3,26.4,2.3,14.7,4.36
2026-05-11,31.1,26.8,3.2,15.5,4.68
2026-05-12,31.2,27.4,0.4,14.1,4.63
2026-05-13,31.6,27.8,1.7,15.8,4.61
2026-05-14,30.5,27.0,11.9,14.9,4.47
2026-05-15,28.6,25.6,6.3,13.3,2.09
2026-05-16,31.8,26.0,1.7,13.7,3.58
2026-05-17,30.2,26.4,13.6,18.9,3.58
2026-05-18,30.1,24.6,5.1,12.6,2.84
2026-05-19,30.0,26.0,8.1,9.3,2.99
2026-05-20,30.0,26.1,3.2,13.3,4.15
2026-05-21,30.8,25.7,11.4,14.2,4.54
2026-05-22,28.4,24.2,22.9,13.1,2.01
2026-05-23,29.0,26.0,9.2,9.0,3.48
2026-05-24,31.2,26.7,10.4,14.6,4.02
2026-05-25,28.4,24.6,10.5,10.1,2.55
2026-05-26,29.6,25.0,5.2,8.2,1.92
2026-05-27,30.5,25.8,1.1,10.0,4.12
2026-05-28,29.3,25.5,6.9,13.2,2.14
2026-05-29,30.5,26.3,1.7,10.9,4.41
2026-05-30,30.5,26.4,13.0,7.3,3.03
2026-05-31,30.8,26.1,0.8,13.8,4.27
